7YTB_1|Chains
7YTB_1|Chains
7YTB_1|Chains
8X5F_1|Chains
8X5F_1|Chains
8X5F_1|Chains
8X5F_1|Chains
8X5F_1|Chains
8X5F_1|Chains
8X5F_1|Chains
8X5F_1|Chains
8X5F_1|Chains
8X5F_1|Chains
8X5F_1|Chains
8X5F_1|Chains
7CR2_1|Chains
7CR2_1|Chains
7CR2_1|Chains
7CR2_1|Chains
7CR2_1|Chains
7CR2_1|Chains
7CR2_1|Chains
7CR2_1|Chains
7CR2_1|Chains
7CR2_1|Chains
7CR2_1|Chains
7CR2_1|Chains
7CR2_1|Chains
7CR2_1|Chains
7CR2_1|Chains
7CR2_1|Chains
7CR2_1|Chains
7CR2_1|Chains
7CR2_1|Chains
7CR2_1|Chains
7CR2_1|Chains
7CR2_1|Chains
7CR2_1|Chains
7CR2_1|Chains
7CR2_1|Chains
7CR2_1|Chains
7CR2_1|Chains
7CR2_1|Chains
7CR2_1|Chains
7CR2_1|Chains
7CR2_1|Chains
7CR2_1|Chains
7CR2_1|Chains
7CR2_1|Chains
7CR2_1|Chains
7CR2_1|Chains
7CR2_1|Chains
7CR2_1|Chains
7CR2_1|Chains
7CR2_1|Chains
7CR2_1|Chains
7CR2_1|Chains
7CR2_1|Chains
7CR2_1|Chains
7CR2_1|Chains
7CR2_1|Chains
7CR2_1|Chains
7CR2_1|Chains
7CR2_1|Chains
7CR2_1|Chains
7CR2_1|Chains
7CR2_1|Chains
7CR2_1|Chains
7CR2_1|Chains
7CR2_1|Chains
7CR2_1|Chains
7CR2_1|Chains
7CR2_1|Chains
7CR2_1|Chains
7CR2_1|Chains
7CR2_1|Chains
7CR2_1|Chains
7CR2_1|Chains
7CR2_1|Chains
7CR2_1|Chains
7CR2_1|Chains
7CR2_1|Chains
7CR2_1|Chains
7CR2_1|Chains
7CR2_1|Chains
3WVF_1|Chains
3WVF_1|Chains
8BXF_1|Chains
8BXF_1|Chains
8BXF_1|Chains
8BXF_1|Chains
8BXF_1|Chains
8BXF_1|Chains
8BXF_1|Chains
8BXF_1|Chains
8BXF_1|Chains
8BXF_1|Chains
8BXF_1|Chains
8BXF_1|Chains
8BXF_1|Chains
8BXF_1|Chains
7AVN_1|Chains
7AVN_1|Chains
7AVN_1|Chains
7AVN_1|Chains
7AVN_1|Chains
7AVN_1|Chains
7AVN_1|Chains
8TU9_1|Chains
8TU9_1|Chains
8TU9_1|Chains
8TU9_1|Chains
8TU9_1|Chains
7SUN_1|Chains
7SUN_1|Chains
7SUN_1|Chains
7SUN_1|Chains
7SUN_1|Chains
4QNC_1|Chains
4QNC_1|Chains
6WVD_1|Chain
6WVD_1|Chain
6WVD_1|Chain
6WVD_1|Chain
6WVD_1|Chain
7N4T_1|Chains
7CR1_1|Chains
7CR1_1|Chains
7CR1_1|Chains
7CR1_1|Chains
7CR1_1|Chains
7CR1_1|Chains
7CR1_1|Chains
7CR1_1|Chains
7CR1_1|Chains
7CR1_1|Chains
7CR1_1|Chains
7CR1_1|Chains
7CR1_1|Chains
7CR1_1|Chains
7CR1_1|Chains
7CR1_1|Chains
7CR1_1|Chains
7CR1_1|Chains
7CR1_1|Chains
7CR1_1|Chains
7CR1_1|Chains
7CR1_1|Chains
7CR1_1|Chains
7CR1_1|Chains
7CR1_1|Chains
7CR1_1|Chains
7CR1_1|Chains
7CR1_1|Chains
7CR1_1|Chains
7CR1_1|Chains
7CR1_1|Chains
7CR1_1|Chains
7CR1_1|Chains
7CR1_1|Chains
7CR1_1|Chains
7CR1_1|Chains
7CR1_1|Chains
7CR1_1|Chains
7CR1_1|Chains
7CR1_1|Chains
7CR1_1|Chains
7CR1_1|Chains
7CR1_1|Chains
7CR1_1|Chains
7CR1_1|Chains
7CR1_1|Chains
7CR1_1|Chains
7CR1_1|Chains
7CR1_1|Chains
7CR1_1|Chains
7CR1_1|Chains
7CR1_1|Chains
7CR1_1|Chains
7CR1_1|Chains
7CR1_1|Chains
7CR1_1|Chains
7CR1_1|Chains
7CR1_1|Chains
7CR1_1|Chains
7CR1_1|Chains
7CR1_1|Chains
7CR1_1|Chains
7CR1_1|Chains
7CR1_1|Chains
7CR1_1|Chains
7CR1_1|Chains
7CR1_1|Chains
7CR1_1|Chains
7CR1_1|Chains
7CR1_1|Chains
3VOU_1|Chains
3VOU_1|Chains
3VOU_1|Chains
3VOU_1|Chains
3VOU_1|Chains
3VOU_1|Chains
3VOU_1|Chains
3VOU_1|Chains
3VOU_1|Chains
3VOU_1|Chains
3VOU_1|Chains
3VOU_1|Chains
3VOU_1|Chains
3VOU_1|Chains
3VOU_1|Chains
3VOU_1|Chains
3VOU_1|Chains
3VOU_1|Chains
3VOU_1|Chains
3VOU_1|Chains
3VOU_1|Chains
3VOU_1|Chains
3VOU_1|Chains
3VOU_1|Chains
3VOU_1|Chains
3VOU_1|Chains
3VOU_1|Chains
3VOU_1|Chains
3VOU_1|Chains
3VOU_1|Chains
3VOU_1|Chains
3VOU_1|Chains
3VOU_1|Chains
3VOU_1|Chains
3VOU_1|Chains
3VOU_1|Chains
3VOU_1|Chains
3VOU_1|Chains
3VOU_1|Chains
3VOU_1|Chains
3VOU_1|Chains
3VOU_1|Chains
3VOU_1|Chains
3VOU_1|Chains
3VOU_1|Chains
3VOU_1|Chains
3VOU_1|Chains
3VOU_1|Chains
3VOU_1|Chains
3VOU_1|Chains
3VOU_1|Chains
3VOU_1|Chains
3VOU_1|Chains
3VOU_1|Chains
3VOU_1|Chains
3VOU_1|Chains
3VOU_1|Chains
3VOU_1|Chains
9IK4_1|Chains
4GF4_1|Chain
6WVB_1|Chain
6WVB_1|Chain
6WVB_1|Chain
6WVB_1|Chain
6WVB_1|Chain
8I2Z_1|Chain
8I2Z_1|Chain
8I2Z_1|Chain
6WVH_1|Chains
6WVH_1|Chains
6WVH_1|Chains
6WVH_1|Chains
6WVH_1|Chains
6WV6_1|Chain
6WV6_1|Chain
6WV6_1|Chain
6WV6_1|Chain
6WV6_1|Chain
3AYN_1|Chains
3AYN_1|Chains
3AYN_1|Chains
7XNA_1|Chain
7XNA_1|Chain
7XNA_1|Chain
7XNA_1|Chain
7XNA_1|Chain
7XNA_1|Chain
7XNA_1|Chain
7XNA_1|Chain
7XNA_1|Chain
7XNA_1|Chain
7XNA_1|Chain
7XNA_1|Chain
7XNA_1|Chain
7XNA_1|Chain
7XNA_1|Chain
4OR2_1|Chains
4OR2_1|Chains
4OR2_1|Chains
4OR2_1|Chains
4OR2_1|Chains
4OR2_1|Chains
4OR2_1|Chains
4OR2_1|Chains
4OR2_1|Chains
9G16_1|Chain
9G16_1|Chain
9G16_1|Chain
9G16_1|Chain
9G16_1|Chain
9G16_1|Chain
9G16_1|Chain
6WV4_1|Chain
6WV4_1|Chain
6WV4_1|Chain
6WV4_1|Chain
6WV4_1|Chain
7CXR_1|Chains
7CXR_1|Chains
7S1Z_1|Chains
7S1Z_1|Chains
7S1Z_1|Chains
7S1Z_1|Chains
8YFW_1|Chains
8YFW_1|Chains
8YFW_1|Chains
8YFW_1|Chains
8YFW_1|Chains
8YFW_1|Chains
8YFW_1|Chains
8YFW_1|Chains
8YFW_1|Chains
8YFW_1|Chains
8YFW_1|Chains
8YFW_1|Chains
7XN9_1|Chain
7XN9_1|Chain
7XN9_1|Chain
7XN9_1|Chain
7XN9_1|Chain
7XN9_1|Chain
7XN9_1|Chain
7XN9_1|Chain
7XN9_1|Chain
7XN9_1|Chain
7XN9_1|Chain
7XN9_1|Chain
7XN9_1|Chain
7XN9_1|Chain
7XN9_1|Chain
7JI3_1|Chains
8IZY_1|Chains
8IZY_1|Chains
8IZY_1|Chains
8IZY_1|Chains
8IZY_1|Chains
8IZY_1|Chains
8IZY_1|Chains
8IZY_1|Chains
8IZY_1|Chains
8IZY_1|Chains
8IZY_1|Chains
8IZY_1|Chains
8IZY_1|Chains
8IZY_1|Chains
8IZY_1|Chains
8IZY_1|Chains
8IZY_1|Chains
8IZY_1|Chains
8IZY_1|Chains
8IZY_1|Chains
8IZY_1|Chains
8IZY_1|Chains
8IZY_1|Chains
8IZY_1|Chains
8IZY_1|Chains
8IZY_1|Chains
8IZY_1|Chains
8IZY_1|Chains
8IZY_1|Chains
8IZY_1|Chains
8IZY_1|Chains
8IZY_1|Chains
8IZY_1|Chains
8IZY_1|Chains
8IZY_1|Chains
8IZY_1|Chains
8IZY_1|Chains
8IZY_1|Chains
8IZY_1|Chains
8IZY_1|Chains
8IZY_1|Chains
8IZY_1|Chains
8IZY_1|Chains
8IZY_1|Chains
8IZY_1|Chains
8IZY_1|Chains
8IZY_1|Chains
8IZY_1|Chains
8IZY_1|Chains
8IZY_1|Chains
8IZY_1|Chains
8IZY_1|Chains
8IZY_1|Chains
8IZY_1|Chains
8IZY_1|Chains
8IZY_1|Chains
8IZY_1|Chains
8IZY_1|Chains
8IZY_1|Chains
8IZY_1|Chains
8IZY_1|Chains
8IZY_1|Chains
8IZY_1|Chains
8IZY_1|Chains
8IZY_1|Chains
8IZY_1|Chains
8IZY_1|Chains
8IZY_1|Chains
8IZY_1|Chains
8IZY_1|Chains
8FHQ_1|Chains
8FHQ_1|Chains
8FHQ_1|Chains
8FHQ_1|Chains
7Q37_1|Chain
7Q37_1|Chain
7Q37_1|Chain
7Q37_1|Chain
7Q37_1|Chain
7Q37_1|Chain
7Q37_1|Chain
6WVG_1|Chains
6WVG_1|Chains
6WVG_1|Chains
6WVG_1|Chains
6WVG_1|Chains
8RSS_1|Chain
8RSS_1|Chain
8RSS_1|Chain
8RSS_1|Chain
8RSS_1|Chain
8RSS_1|Chain
8RSS_1|Chain
2Z73_1|Chains
2Z73_1|Chains
2Z73_1|Chains
8VAV_1|Chains
8VAV_1|Chains
8VAV_1|Chains
8VAV_1|Chains
8VAV_1|Chains
8VAV_1|Chains
8VAV_1|Chains
8VAV_1|Chains
8VAV_1|Chains
8VAV_1|Chains
8VAV_1|Chains
8VAV_1|Chains
8VAV_1|Chains
8VAV_1|Chains
8VAV_1|Chains
8VAV_1|Chains
8VAV_1|Chains
8VAV_1|Chains
8WXJ_1|Chains
8WXJ_1|Chains
8WXJ_1|Chains
6WV7_1|Chains
6WV7_1|Chains
6WV7_1|Chains
6WV7_1|Chains
6WV7_1|Chains
7CR0_1|Chains
7CR0_1|Chains
7CR0_1|Chains
7CR0_1|Chains
7CR0_1|Chains
7CR0_1|Chains
7CR0_1|Chains
7CR0_1|Chains
7CR0_1|Chains
7CR0_1|Chains
7CR0_1|Chains
7CR0_1|Chains
7CR0_1|Chains
7CR0_1|Chains
7CR0_1|Chains
7CR0_1|Chains
7CR0_1|Chains
7CR0_1|Chains
7CR0_1|Chains
7CR0_1|Chains
7CR0_1|Chains
7CR0_1|Chains
7CR0_1|Chains
7CR0_1|Chains
7CR0_1|Chains
7CR0_1|Chains
7CR0_1|Chains
7CR0_1|Chains
7CR0_1|Chains
7CR0_1|Chains
7CR0_1|Chains
7CR0_1|Chains
7CR0_1|Chains
7CR0_1|Chains
7CR0_1|Chains
7CR0_1|Chains
7CR0_1|Chains
7CR0_1|Chains
7CR0_1|Chains
7CR0_1|Chains
7CR0_1|Chains
7CR0_1|Chains
7CR0_1|Chains
7CR0_1|Chains
7CR0_1|Chains
7CR0_1|Chains
7CR0_1|Chains
7CR0_1|Chains
7CR0_1|Chains
7CR0_1|Chains
7CR0_1|Chains
7CR0_1|Chains
7CR0_1|Chains
7CR0_1|Chains
7CR0_1|Chains
7CR0_1|Chains
7CR0_1|Chains
7CR0_1|Chains
7CR0_1|Chains
7CR0_1|Chains
7CR0_1|Chains
7CR0_1|Chains
7CR0_1|Chains
7CR0_1|Chains
7CR0_1|Chains
7CR0_1|Chains
7CR0_1|Chains
7CR0_1|Chains
7CR0_1|Chains
7CR0_1|Chains
7D10_1|Chains
7D10_1|Chains
7D10_1|Chains
7D10_1|Chains
7AVP_1|Chain
7AVP_1|Chain
7AVP_1|Chain
7AVP_1|Chain
7AVP_1|Chain
7AVP_1|Chain
7AVP_1|Chain
8VAV_2|Chains
8VAV_2|Chains
8F0S_1|Chain
8F0S_1|Chain
8F0S_1|Chain
8F0S_1|Chain
8F0S_1|Chain
8F0S_1|Chain
8F0S_1|Chain
8F0S_1|Chain
8F0S_1|Chain
8F0S_1|Chain
8F0S_1|Chain
8F0S_1|Chain
8F0S_1|Chain
8F0S_1|Chain
8F0S_1|Chain
8F0S_1|Chain
8F0S_1|Chain
8F0S_1|Chain
8F0S_1|Chain
8F0S_1|Chain
8F0S_1|Chain
8F0S_1|Chain
8F0S_1|Chain
8F0S_1|Chain
8F0S_1|Chain
8F0S_1|Chain
6WV9_1|Chain
6WV9_1|Chain
6WV9_1|Chain
6WV9_1|Chain
6WV9_1|Chain
9IWS_1|Chains
9IWS_1|Chains
9IWS_1|Chains
9IWS_1|Chains
9IWS_1|Chains
9IWS_1|Chains
9IWS_1|Chains
9IWS_1|Chains
9IWS_1|Chains
9IWS_1|Chains
9IWS_1|Chains
9IWS_1|Chains
8FHR_1|Chains
8FHR_1|Chains
8FHR_1|Chains
8FHR_1|Chains
8FHT_1|Chains
8FHT_1|Chains
8FHT_1|Chains
8FHT_1|Chains
5Y4O_1|Chains
6WV5_1|Chain
6WV5_1|Chain
6WV5_1|Chain
6WV5_1|Chain
6WV5_1|Chain
8BXE_1|Chains
8BXE_1|Chains
8BXE_1|Chains
8BXE_1|Chains
8BXE_1|Chains
8BXE_1|Chains
8BXE_1|Chains
8BXE_1|Chains
8BXE_1|Chains
8BXE_1|Chains
8BXE_1|Chains
8BXE_1|Chains
8BXE_1|Chains
8BXE_1|Chains
5AZD_1|Chains
5AZD_1|Chains
5AZD_1|Chains
8WXI_1|Chains
8WXI_1|Chains
8WXI_1|Chains
9G15_1|Chain
9G15_1|Chain
9G15_1|Chain
9G15_1|Chain
9G15_1|Chain
9G15_1|Chain
9G15_1|Chain
5JNQ_1|Chain
5JNQ_1|Chain
5JNQ_1|Chain
5JNQ_1|Chain
5JNQ_1|Chain
5JNQ_1|Chain
5JNQ_1|Chain
5JNQ_1|Chain
5JNQ_1|Chain
9C3F_1|Chain
2ZIY_1|Chain
2ZIY_1|Chain
2ZIY_1|Chain
6PZT_1|Chains
6PZT_1|Chains
6PZT_1|Chains
6PZT_1|Chains
6WVF_1|Chain
6WVF_1|Chain
6WVF_1|Chain
6WVF_1|Chain
6WVF_1|Chain
6WVF_1|Chain
6WVF_1|Chain
6WVF_1|Chain
8TA3_1|Chains
8TA3_1|Chains
8TA3_1|Chains
7S1Y_1|Chains
7S1Y_1|Chains
7S1Y_1|Chains
7S1Y_1|Chains
5JSI_1|Chains
5JSI_1|Chains
5JSI_1|Chains
5JSI_1|Chains
5JSI_1|Chains
5JSI_1|Chains
5JSI_1|Chains
8FHP_1|Chains
8FHP_1|Chains
8FHP_1|Chains
8FHP_1|Chains
6WV3_1|Chain
6WV3_1|Chain
6WV3_1|Chain
6WV3_1|Chain
6WV3_1|Chain
8RSO_1|Chains
8RSO_1|Chains
8RSO_1|Chains
8RSO_1|Chains
8RSO_1|Chains
8RSO_1|Chains
8RSO_1|Chains
5UHS_1|Chains
5UHS_1|Chains
8GQU_1|Chains
8GQU_1|Chains
8GQU_1|Chains
3V8X_2|Chain
8F0S_2|Chain
8F0S_2|Chain
8F0S_2|Chain
6LEP_1|Chain
9JTQ_1|Chain
9JTQ_1|Chain
9JTQ_1|Chain
9JTQ_1|Chain
9JTQ_1|Chain
9JTQ_1|Chain
9JTQ_1|Chain
7XJA_1|Chains
7XJA_1|Chains
7XJA_1|Chains
8RSP_1|Chains
8RSP_1|Chains
8RSP_1|Chains
8RSP_1|Chains
8RSP_1|Chains
8RSP_1|Chains
8RSP_1|Chains
4HYJ_1|Chains
4HYJ_1|Chains
4HYJ_1|Chains
4HYJ_1|Chains
4HYJ_1|Chains
4HYJ_1|Chains
4HYJ_1|Chains
4HYJ_1|Chains
7AVO_1|Chains
7AVO_1|Chains
7AVO_1|Chains
7AVO_1|Chains
7AVO_1|Chains
7AVO_1|Chains
7AVO_1|Chains
8WG4_1|Chain
8WG4_1|Chain
8WG4_1|Chain
8WG4_1|Chain
8WG4_1|Chain
8WG4_1|Chain
8WG4_1|Chain
8WG4_1|Chain
8WG3_1|Chain
8WG3_1|Chain
8WG3_1|Chain
8WG3_1|Chain
8WG3_1|Chain
8WG3_1|Chain
8WG3_1|Chain
8WG3_1|Chain
8BXB_1|Chains
8BXB_1|Chains
8BXB_1|Chains
8BXB_1|Chains
8BXB_1|Chains
8BXB_1|Chains
8BXB_1|Chains
8BXB_1|Chains
8BXB_1|Chains
8BXB_1|Chains
8BXB_1|Chains
8BXB_1|Chains
8BXB_1|Chains
8BXB_1|Chains
5UHQ_1|Chains
5UHQ_1|Chains
3AYM_1|Chains
3AYM_1|Chains
3AYM_1|Chains
4WW3_1|Chains
4WW3_1|Chains
4WW3_1|Chains
4WW3_1|Chains
4WW3_1|Chains
4WW3_1|Chains
4WW3_1|Chains
4WW3_1|Chains
4WW3_1|Chains
4WW3_1|Chains
4WW3_1|Chains
4WW3_1|Chains
4WW3_1|Chains
4WW3_1|Chains
4WW3_1|Chains
4WW3_1|Chains
4WW3_1|Chains
4WW3_1|Chains
4WW3_1|Chains
4WW3_1|Chains
4WW3_1|Chains
4WW3_1|Chains
4WW3_1|Chains
4WW3_1|Chains
4WW3_1|Chains
4WW3_1|Chains
4WW3_1|Chains
4WW3_1|Chains
4WW3_1|Chains
4WW3_1|Chains
4WW3_1|Chains
4WW3_1|Chains
4WW3_1|Chains
4WW3_1|Chains
4WW3_1|Chains
4WW3_1|Chains
4WW3_1|Chains
4WW3_1|Chains
4WW3_1|Chains
4WW3_1|Chains
4WW3_1|Chains
4WW3_1|Chains
4WW3_1|Chains
4WW3_1|Chains
4WW3_1|Chains
4WW3_1|Chains
6AL2_1|Chains
6AL2_1|Chains
