query_id,leak_status
4POV_1|Chains,safe
4N4D_1|Chains,safe
4MES_1|Chains,safe
4MUU_1|Chains,safe
3RLB_1|Chains,safe
4MHW_1|Chains,safe
4POP_1|Chains,safe
4OR2_1|Chains,leaked
3WDO_1|Chain,safe
8FHP_1|Chains,leaked
8FHT_1|Chains,leaked
8FHQ_1|Chains,leaked
8FHR_1|Chains,leaked
7S1Z_1|Chains,leaked
6NPK_1|Chains,safe
6NPH_1|Chains,safe
6PZT_1|Chains,leaked
7D10_1|Chains,leaked
7S1Y_1|Chains,leaked
8ZOJ_1|Chains,safe
7DLA_1|Chain,safe
7DL9_1|Chains,safe
8VC1_1|Chains,safe
8VC2_1|Chains,safe
8VV3_1|Chains,safe
8UVT_1|Chains,safe
8UVU_1|Chains,safe
8F0S_2|Chain,leaked
8F0S_1|Chain,leaked
7OQZ_1|Chains,safe
6Z34_1|Chain,safe
3BRY_1|Chains,safe
3BRZ_1|Chain,safe
6Z37_1|Chain,safe
6Z38_1|Chain,safe
3BS0_1|Chains,safe
7F3T_1|Chains,safe
7N7P_1|Chains,safe
7N0L_1|Chains,safe
7CXR_1|Chains,leaked
7N0K_1|Chains,safe
7F6V_1|Chains,safe
4Z3N_1|Chain,safe
4Z3P_1|Chain,safe
3V89_2|Chain,safe
3V89_1|Chain,safe
4GX5_1|Chains,safe
4GX1_1|Chains,safe
4GX2_1|Chains,safe
4GX0_1|Chains,safe
8BXB_1|Chains,leaked
8BXF_1|Chains,leaked
8BXE_1|Chains,leaked
8IF8_1|Chains,safe
7WK7_1|Chains,safe
8SGW_1|Chains,safe
7WL9_1|Chains,safe
8HZN_1|Chains,safe
7WLA_1|Chains,safe
7WL2_1|Chains,safe
8SH3_1|Chains,safe
8SIE_1|Chains,safe
8UUK_1|Chains,safe
7WK1_1|Chains,safe
8SHC_1|Chains,safe
7WL7_1|Chains,safe
7WLE_1|Chains,safe
8OPQ_1|Chains,safe
7XUH_1|Chains,safe
7XUL_1|Chains,safe
8IET_1|Chains,safe
7XUJ_1|Chains,safe
7LGU_1|Chains,safe
7S8X_1|Chains,safe
7S9A_1|Chains,safe
8UC1_1|Chains,safe
7S9E_1|Chains,safe
7LGW_1|Chains,safe
7LH2_1|Chains,safe
7SUN_1|Chains,leaked
8TNY_1|Chains,safe
8TNW_1|Chains,safe
8TNX_1|Chains,safe
7XLM_1|Chains,safe
7V74_1|Chain,safe
7V75_1|Chain,safe
7V73_1|Chain,safe
7CH1_1|Chains,safe
6E9O_1|Chains,safe
6E9N_1|Chains,safe
9FP2_4|Chains,safe
9FP2_3|Chains,safe
9FP2_2|Chains,safe
9FP2_1|Chains,safe
3VOU_1|Chains,leaked
8ZTN_1|Chains,safe
8ZTK_1|Chains,safe
8ZTI_1|Chains,safe
8ZTL_1|Chains,safe
8ZTG_1|Chains,safe
8ZTE_1|Chains,safe
8ZTM_1|Chains,safe
8ZTH_1|Chains,safe
8ZVF_1|Chains,safe
8HIW_1|Chains,safe
8HIY_1|Chains,safe
7VQ4_1|Chains,safe
7VQ7_1|Chains,safe
7VQ3_1|Chains,safe
7VOJ_1|Chains,safe
7VQ5_1|Chains,safe
9JTW_1|Chains,safe
7W6K_1|Chains,safe
7E4G_1|Chains,safe
4HYG_1|Chains,safe
4HYD_1|Chains,safe
4HYC_1|Chains,safe
4Y6K_1|Chains,safe
9J12_1|Chains,safe
9J18_1|Chains,safe
9J14_1|Chains,safe
9J17_1|Chains,safe
9J13_1|Chains,safe
8WMQ_1|Chains,safe
8WO7_1|Chains,safe
8IRP_1|Chains,safe
8IRO_1|Chains,safe
8IRL_1|Chains,safe
9FO7_2|Chains,safe
9FO7_1|Chains,safe
7YTJ_3|Chain,safe
7YTJ_2|Chains,safe
7YTJ_1|Chain,safe
8I6V_3|Chain,safe
8I6V_2|Chain,safe
8I6V_1|Chains,safe
8WFS_1|Chains,safe
8WFS_2|Chains,safe
8WFS_3|Chain,safe
8JME_1|Chains,safe
8ZE0_1|Chains,safe
8JMH_1|Chains,safe
8ZE2_1|Chains,safe
8JMI_1|Chains,safe
7NB6_1|Chains,safe
9IWS_1|Chains,leaked
8YFW_1|Chains,leaked
8X5F_1|Chains,leaked
9IK4_1|Chains,leaked
7L17_1|Chain,safe
4M64_1|Chains,safe
7L16_1|Chain,safe
8FQ9_1|Chain,safe
8FRH_1|Chain,safe
8VLU_1|Chains,safe
8VKJ_1|Chains,safe
8VLY_1|Chains,safe
8TU9_1|Chains,leaked
8JL1_1|Chains,safe
8JL3_1|Chains,safe
8JKV_1|Chains,safe
8JL4_1|Chains,safe
8W4A_1|Chains,safe
8VLV_1|Chains,safe
6TZK_1|Chain,safe
9B8A_1|Chain,safe
6D9Z_1|Chains,safe
6D79_1|Chains,safe
8YMT_1|Chains,safe
8YMW_1|Chains,safe
8YMS_1|Chains,safe
8YMU_1|Chains,safe
8YMR_1|Chains,safe
1PO0_1|Chain,safe
1KMP_1|Chain,safe
1PO3_1|Chains,safe
1KMO_1|Chain,safe
1PNZ_1|Chain,safe
8VVI_2|Chains,safe
8VVI_1|Chains,safe
8ERP_1|Chains,safe
8ERO_1|Chains,safe
8GYX_1|Chains,safe
8GYW_1|Chains,safe
1YC9_1|Chain,safe
8YX6_1|Chains,safe
8YX7_1|Chains,safe
8YX8_1|Chains,safe
9C3F_1|Chain,leaked
4QUV_1|Chains,safe
3AYM_1|Chains,leaked
2ZIY_1|Chain,leaked
4WW3_1|Chains,leaked
3AYN_1|Chains,leaked
2Z73_1|Chains,leaked
8WM5_1|Chains,safe
8X6X_1|Chains,safe
8UFE_1|Chain,safe
2X56_1|Chain,safe
2X55_1|Chain,safe
2X4M_1|Chains,safe
1I78_1|Chains,safe
6P2P_1|Chains,safe
6L47_1|Chains,safe
6P2J_1|Chains,safe
6L48_1|Chains,safe
7N6Q_1|Chains,safe
6H2F_1|Chains,safe
6GRJ_1|Chains,safe
6ZGS_1|Chains,safe
6G9X_1|Chains,safe
6ZGR_1|Chains,safe
6HCL_1|Chains,safe
6ZGU_1|Chains,safe
6ZGT_1|Chains,safe
1P49_1|Chain,safe
8E2J_2|Chains,safe
8E2J_1|Chains,safe
8WXI_1|Chains,leaked
8WXJ_1|Chains,leaked
8TA3_1|Chains,leaked
8TA2_1|Chains,safe
8GQU_1|Chains,leaked
7XJA_1|Chains,leaked
7YVC_1|Chains,safe
7YVB_2|Chains,safe
7YVB_1|Chains,safe
5CTG_1|Chains,safe
5CTH_1|Chains,safe
3WVF_1|Chains,leaked
6AL2_1|Chains,leaked
6LYP_1|Chains,safe
6VXM_1|Chains,safe
6VXP_1|Chains,safe
8VAV_2|Chains,leaked
8VAV_1|Chains,leaked
5VRE_1|Chains,safe
5ONU_1|Chains,safe
6EHB_1|Chains,safe
5Y4O_1|Chains,leaked
7N4T_1|Chains,leaked
7NXF_1|Chain,safe
7VH5_1|Chains,safe
7NY1_1|Chains,safe
7VH6_1|Chains,safe
5KSD_1|Chains,safe
7XNA_2|Chain,safe
7XNA_1|Chain,leaked
7XN9_1|Chain,leaked
2VQI_1|Chains,safe
9JTQ_1|Chain,leaked
4HYJ_1|Chains,leaked
9G15_1|Chain,leaked
9G16_1|Chain,leaked
7AVP_1|Chain,leaked
7AVN_1|Chains,leaked
5JSI_1|Chains,leaked
7Q37_1|Chain,leaked
8RSS_1|Chain,leaked
7AVO_1|Chains,leaked
8RSO_1|Chains,leaked
8RSP_1|Chains,leaked
7YTB_1|Chains,leaked
8I2Z_1|Chain,leaked
3DDL_1|Chains,safe
6NWD_1|Chain,safe
5AZD_1|Chains,leaked
6RF0_1|Chains,safe
7Q36_1|Chain,safe
6YC0_1|Chains,safe
8RQ5_1|Chains,safe
5JRF_1|Chain,safe
8JH0_1|Chains,safe
6RF4_1|Chains,safe
6YBY_1|Chain,safe
6RF6_1|Chain,safe
6YBZ_1|Chains,safe
3X3C_1|Chain,safe
6TK2_1|Chain,safe
6RFA_1|Chain,safe
6RF7_1|Chain,safe
6TK1_1|Chain,safe
6RF3_1|Chains,safe
6YC3_1|Chains,safe
6RFB_1|Chain,safe
8CL7_1|Chain,safe
4XTL_1|Chain,safe
4XTN_1|Chains,safe
6TK7_1|Chain,safe
6YC1_1|Chains,safe
6TK4_1|Chain,safe
4XTO_1|Chains,safe
6RF9_1|Chain,safe
6RF5_1|Chain,safe
6REX_1|Chains,safe
6REZ_1|Chains,safe
6TK5_1|Chain,safe
6TK3_1|Chain,safe
6YT4_1|Chains,safe
6YC2_1|Chains,safe
6RFC_1|Chain,safe
3X3B_1|Chain,safe
6XYT_1|Chains,safe
6RF1_1|Chains,safe
8CL8_1|Chain,safe
6YC4_1|Chains,safe
6TK6_1|Chain,safe
8QLE_1|Chain,safe
8QLF_1|Chain,safe
8QR0_1|Chains,safe
8QQZ_1|Chains,safe
5G54_1|Chain,safe
7O8J_1|Chain,safe
7CRS_1|Chain,safe
6JY6_1|Chain,safe
6JYA_1|Chain,safe
5G2C_1|Chain,safe
7O8I_1|Chain,safe
7O8Y_1|Chain,safe
7O8N_1|Chain,safe
7O8G_1|Chain,safe
6JYD_1|Chain,safe
6AB9_1|Chain,safe
6JY9_1|Chain,safe
5G28_1|Chain,safe
7CRL_1|Chain,safe
7O8F_1|Chain,safe
7O8Z_1|Chain,safe
6ABA_1|Chain,safe
7O8R_1|Chain,safe
5ZTL_1|Chain,safe
7CRK_1|Chain,safe
5G2D_1|Chain,safe
5ZTK_1|Chain,safe
6JYB_1|Chain,safe
7CRX_1|Chain,safe
6JY8_1|Chain,safe
7O8H_1|Chain,safe
7O8K_1|Chain,safe
7O8L_1|Chain,safe
7O8Q_1|Chain,safe
7O8V_1|Chain,safe
7VGT_1|Chain,safe
7VGV_1|Chains,safe
7O8T_1|Chain,safe
7O8P_1|Chain,safe
6JYE_1|Chain,safe
7O8U_1|Chain,safe
6JYF_1|Chain,safe
5FJG_1|Chain,safe
7O8M_1|Chain,safe
7CRT_1|Chain,safe
6JYC_1|Chain,safe
7O8S_1|Chain,safe
7CRI_1|Chain,safe
6JY7_1|Chain,safe
7O8O_1|Chain,safe
5G2A_1|Chain,safe
7CRY_1|Chain,safe
7CRJ_1|Chain,safe
5B2N_1|Chain,safe
7VGU_1|Chain,safe
5A2O_1|Chains,safe
5A2N_1|Chains,safe
4OH3_1|Chains,safe
2YNK_1|Chain,safe
5KHS_1|Chains,safe
5KHN_1|Chains,safe
6WU0_1|Chain,safe
7VU1_1|Chains,safe
7VU3_1|Chain,safe
7VTZ_1|Chain,safe
7VU2_1|Chain,safe
7VU0_1|Chains,safe
8XW4_1|Chain,safe
8K0B_1|Chain,safe
8WG4_1|Chain,leaked
8WG3_1|Chain,leaked
8GRS_1|Chain,safe
8WUA_1|Chain,safe
7JI3_1|Chains,leaked
8H8E_2|Chain,safe
8H8E_1|Chains,safe
7JNA_1|Chains,safe
7JNC_1|Chains,safe
7SQG_1|Chains,safe
8H8F_1|Chains,safe
6LEP_1|Chain,leaked
8IZY_1|Chains,leaked
7CR0_1|Chains,leaked
7CR1_1|Chains,leaked
7CR2_1|Chains,leaked
6RB9_1|Chains,safe
6WVG_1|Chains,leaked
6WV9_1|Chain,leaked
6WVB_1|Chain,leaked
6WVD_1|Chain,leaked
6WV6_1|Chain,leaked
6WV3_1|Chain,leaked
6WV5_1|Chain,leaked
6WV4_1|Chain,leaked
6WV7_1|Chains,leaked
6WVH_1|Chains,leaked
6WVF_1|Chain,leaked
9DW8_1|Chain,safe
9DW8_2|Chain,safe
9DW5_1|Chain,safe
9DW5_2|Chain,safe
9DW9_1|Chain,safe
9DW9_2|Chain,safe
5JNQ_1|Chain,leaked
5WJ9_1|Chains,safe
5WPV_1|Chains,safe
7SQ8_1|Chains,safe
5WJ5_1|Chains,safe
7SQ7_1|Chains,safe
6E7Y_1|Chains,safe
7SQ9_1|Chains,safe
6E7P_1|Chains,safe
5WPT_1|Chains,safe
7SQ6_1|Chains,safe
9CBZ_1|Chains,safe
6E7Z_1|Chains,safe
7MGL_1|Chains,safe
5WPQ_1|Chains,safe
9CC2_1|Chains,safe
7DYS_1|Chains,safe
6AYF_1|Chains,safe
5W3S_1|Chains,safe
4QNC_1|Chains,leaked
5UHS_1|Chains,leaked
5UHQ_1|Chains,leaked
4RNG_1|Chains,safe
7LHV_1|Chains,safe
6LMV_1|Chains,safe
6LOM_1|Chains,safe
3V8X_2|Chain,leaked
3V8X_1|Chain,safe
7NH9_1|Chains,safe
7PL9_1|Chains,safe
4GF4_1|Chain,leaked
