2Z73 ,leaked
4WW3 ,leaked
8WG3 ,leaked
8WG4 ,leaked
8FHP ,leaked
8GQU ,leaked
8FHQ ,leaked
7XJA ,leaked
8FHR ,leaked
4QNC ,leaked
8FHT ,leaked
7XN9 ,leaked
5JSI ,leaked
6PZT ,leaked
5Y4O ,leaked
6LEP ,leaked
9C3F ,leaked
6AL2 ,leaked
9JTQ ,leaked
7XNA ,leaked
8I2Z ,leaked
8WXI ,leaked
8WXJ ,leaked
8TA3 ,leaked
8YFW ,leaked
8IZY ,leaked
6WV3 ,leaked
6WV4 ,leaked
6WV5 ,leaked
7Q37 ,leaked
6WV6 ,leaked
6WV7 ,leaked
7D10 ,leaked
6WV9 ,leaked
7JI3 ,leaked
7N4T ,leaked
6WVB ,leaked
8F0S ,leaked
6WVD ,leaked
7AVN ,leaked
7AVO ,leaked
6WVF ,leaked
7AVP ,leaked
6WVG ,leaked
6WVH ,leaked
8RSO ,leaked
8RSP ,leaked
8BXB ,leaked
7CR0 ,leaked
7CR1 ,leaked
8RSS ,leaked
8BXE ,leaked
4GF4 ,leaked
7CR2 ,leaked
3AYM ,leaked
8BXF ,leaked
5JNQ ,leaked
3AYN ,leaked
9IWS ,leaked
7YTB ,leaked
4OR2 ,leaked
3WVF ,leaked
5AZD ,leaked
5UHQ ,leaked
2ZIY ,leaked
5UHS ,leaked
8TU9 ,leaked
9G15 ,leaked
9G16 ,leaked
3V8X ,leaked
7SUN ,leaked
8X5F ,leaked
8VAV ,leaked
4HYJ ,leaked
7CXR ,leaked
3VOU ,leaked
7S1Y ,leaked
7S1Z ,leaked
9IK4 ,leaked
6ABA ,safe
5G2C ,safe
4GX0 ,safe
5G2D ,safe
7LGW ,safe
4GX1 ,safe
2VQI ,safe
4GX2 ,safe
7S9E ,safe
6JY6 ,safe
4MUU ,safe
6JY7 ,safe
4GX5 ,safe
6JY8 ,safe
6JY9 ,safe
6EHB ,safe
5WJ5 ,safe
8HIW ,safe
7JNA ,safe
5CTG ,safe
7VTZ ,safe
5CTH ,safe
8HIY ,safe
7JNC ,safe
8ERO ,safe
5WJ9 ,safe
2YNK ,safe
3DDL ,safe
8ERP ,safe
6D9Z ,safe
7F3T ,safe
8ZOJ ,safe
6JYA ,safe
8VKJ ,safe
6JYB ,safe
6JYC ,safe
8W4A ,safe
7MGL ,safe
6JYD ,safe
6H2F ,safe
7L16 ,safe
6JYE ,safe
7L17 ,safe
6JYF ,safe
6HCL ,safe
3BRY ,safe
8IET ,safe
3BRZ ,safe
6AYF ,safe
5W3S ,safe
8E2J ,safe
8UUK ,safe
7VGT ,safe
5ZTK ,safe
2X4M ,safe
4MHW ,safe
6E7P ,safe
7VGU ,safe
5ZTL ,safe
9CBZ ,safe
7VGV ,safe
5VRE ,safe
7VQ3 ,safe
9DW5 ,safe
8TA2 ,safe
7VQ4 ,safe
7XLM ,safe
8UFE ,safe
9JTW ,safe
7VQ5 ,safe
7N0K ,safe
8WM5 ,safe
7N0L ,safe
9DW8 ,safe
8RQ5 ,safe
7VQ7 ,safe
6E9N ,safe
9DW9 ,safe
4Y6K ,safe
6E9O ,safe
7LH2 ,safe
7WK1 ,safe
7CH1 ,safe
6E7Y ,safe
1YC9 ,safe
8FRH ,safe
8I6V ,safe
8OPQ ,safe
6E7Z ,safe
7NXF ,safe
6ZGR ,safe
7PL9 ,safe
7VU0 ,safe
6ZGS ,safe
7WK7 ,safe
7VU1 ,safe
7Q36 ,safe
5KSD ,safe
6ZGT ,safe
8GYW ,safe
8WO7 ,safe
7VU2 ,safe
8QQZ ,safe
8CL7 ,safe
6ZGU ,safe
8GYX ,safe
6NPH ,safe
7VU3 ,safe
8CL8 ,safe
7E4G ,safe
3WDO ,safe
4RNG ,safe
6VXM ,safe
7VOJ ,safe
6NPK ,safe
3RLB ,safe
4OH3 ,safe
1PNZ ,safe
6XYT ,safe
6VXP ,safe
8TNW ,safe
8SIE ,safe
3BS0 ,safe
1P49 ,safe
7W6K ,safe
8TNX ,safe
6LOM ,safe
8TNY ,safe
8K0B ,safe
6LMV ,safe
1I78 ,safe
9CC2 ,safe
4M64 ,safe
7N6Q ,safe
9FO7 ,safe
8WMQ ,safe
8SGW ,safe
5WPQ ,safe
5G54 ,safe
9J12 ,safe
5FJG ,safe
3X3B ,safe
7VH5 ,safe
9J13 ,safe
8IF8 ,safe
3X3C ,safe
6YBY ,safe
7VH6 ,safe
8YX6 ,safe
9J14 ,safe
8UC1 ,safe
5WPT ,safe
6YBZ ,safe
8YX7 ,safe
8JME ,safe
7V73 ,safe
4POP ,safe
8YX8 ,safe
7V74 ,safe
6Z34 ,safe
5WPV ,safe
8QR0 ,safe
8QLE ,safe
9J17 ,safe
7V75 ,safe
8QLF ,safe
6REX ,safe
9B8A ,safe
8JMH ,safe
9J18 ,safe
8JMI ,safe
6Z37 ,safe
7LHV ,safe
6REZ ,safe
2X55 ,safe
6Z38 ,safe
2X56 ,safe
4POV ,safe
8WUA ,safe
1PO0 ,safe
7NB6 ,safe
7SQ6 ,safe
5JRF ,safe
1PO3 ,safe
8JKV ,safe
7SQ7 ,safe
8GRS ,safe
5KHN ,safe
4MES ,safe
7SQ8 ,safe
7SQ9 ,safe
8X6X ,safe
3V89 ,safe
5KHS ,safe
7O8F ,safe
7YVB ,safe
8FQ9 ,safe
7O8G ,safe
7YVC ,safe
1KMO ,safe
8ZE0 ,safe
7YTJ ,safe
7O8H ,safe
1KMP ,safe
7O8I ,safe
7NY1 ,safe
8ZE2 ,safe
7S8X ,safe
7DL9 ,safe
7O8J ,safe
7O8K ,safe
7O8L ,safe
7O8M ,safe
5ONU ,safe
6LYP ,safe
6RB9 ,safe
7O8N ,safe
6YT4 ,safe
8JH0 ,safe
6YC0 ,safe
7O8O ,safe
6YC1 ,safe
8SH3 ,safe
7SQG ,safe
7O8P ,safe
6YC2 ,safe
8VC1 ,safe
7DYS ,safe
7O8Q ,safe
6YC3 ,safe
8ZTE ,safe
8VC2 ,safe
7DLA ,safe
7F6V ,safe
4N4D ,safe
8XW4 ,safe
7CRI ,safe
7O8R ,safe
6YC4 ,safe
7CRJ ,safe
7O8S ,safe
6RF0 ,safe
8ZTG ,safe
7O8T ,safe
7CRK ,safe
6RF1 ,safe
8VLU ,safe
8ZTH ,safe
7NH9 ,safe
6WU0 ,safe
7O8U ,safe
7CRL ,safe
8VLV ,safe
8ZTI ,safe
8VV3 ,safe
7O8V ,safe
6RF3 ,safe
6RF4 ,safe
6G9X ,safe
8ZTK ,safe
5A2N ,safe
6RF5 ,safe
8VLY ,safe
8ZTL ,safe
5A2O ,safe
7O8Y ,safe
6RF6 ,safe
8WFS ,safe
8ZVF ,safe
8ZTM ,safe
7O8Z ,safe
6RF7 ,safe
8ZTN ,safe
7WL2 ,safe
8UVT ,safe
8UVU ,safe
7CRS ,safe
6RF9 ,safe
6D79 ,safe
7CRT ,safe
8JL1 ,safe
6TK1 ,safe
6TK2 ,safe
8JL3 ,safe
7WL7 ,safe
8SHC ,safe
6TK3 ,safe
8JL4 ,safe
7CRX ,safe
6TK4 ,safe
6GRJ ,safe
7WL9 ,safe
7CRY ,safe
6TK5 ,safe
6TK6 ,safe
6TK7 ,safe
4XTL ,safe
6RFA ,safe
6RFB ,safe
6RFC ,safe
4XTN ,safe
4XTO ,safe
8YMR ,safe
4HYC ,safe
7WLA ,safe
8YMS ,safe
4HYD ,safe
4Z3N ,safe
5G28 ,safe
8VVI ,safe
8YMT ,safe
4QUV ,safe
8YMU ,safe
7XUH ,safe
4Z3P ,safe
6TZK ,safe
4HYG ,safe
7WLE ,safe
6AB9 ,safe
6P2J ,safe
8YMW ,safe
9FP2 ,safe
7XUJ ,safe
7XUL ,safe
7N7P ,safe
6L47 ,safe
8IRL ,safe
8H8E ,safe
6NWD ,safe
6L48 ,safe
7OQZ ,safe
8H8F ,safe
8HZN ,safe
5B2N ,safe
5G2A ,safe
6P2P ,safe
8IRO ,safe
8IRP ,safe
7S9A ,safe
7LGU ,safe
